0,birthday;376
1,birthday;0
2,birthday;1
3,birthday;209
4,birthday;2
5,birthday;3
6,birthday;210
7,birthday;4
8,birthday;5
9,birthday;6
10,birthday;7
11,birthday;377
12,birthday;378
13,birthday;379
14,birthday;380
15,birthday;381
16,birthday;382
17,educationconcentrationid;383
18,educationconcentrationid;13
19,educationconcentrationid;384
20,educationconcentrationid;213
21,educationconcentrationid;385
22,educationconcentrationid;386
23,educationconcentrationid;14
24,educationconcentrationid;387
25,educationconcentrationid;388
26,educationconcentrationid;15
27,educationconcentrationid;389
28,educationconcentrationid;390
29,educationconcentrationid;391
30,educationconcentrationid;338
31,educationconcentrationid;392
32,educationconcentrationid;393
33,educationconcentrationid;215
34,educationconcentrationid;394
35,educationconcentrationid;395
36,educationconcentrationid;396
37,educationconcentrationid;397
38,educationconcentrationid;216
39,educationconcentrationid;398
40,educationconcentrationid;399
41,educationconcentrationid;400
42,educationconcentrationid;401
43,educationconcentrationid;217
44,educationconcentrationid;18
45,educationconcentrationid;402
46,educationconcentrationid;403
47,educationconcentrationid;404
48,educationconcentrationid;405
49,educationconcentrationid;406
50,educationconcentrationid;407
51,educationconcentrationid;408
52,educationconcentrationid;409
53,educationconcentrationid;410
54,educationconcentrationid;411
55,educationconcentrationid;412
56,educationconcentrationid;413
57,educationconcentrationid;414
58,educationconcentrationid;415
59,educationconcentrationid;416
60,educationconcentrationid;218
61,educationconcentrationid;417
62,educationconcentrationid;418
63,educationconcentrationid;419
64,educationconcentrationid;420
65,educationconcentrationid;421
66,educationconcentrationid;422
67,educationconcentrationid;423
68,educationconcentrationid;424
69,educationconcentrationid;425
70,educationconcentrationid;426
71,educationconcentrationid;427
72,educationconcentrationid;428
73,educationconcentrationid;429
74,educationconcentrationid;430
75,educationdegreeid;21
76,educationdegreeid;431
77,educationdegreeid;313
78,educationdegreeid;432
79,educationdegreeid;433
80,educationdegreeid;22
81,educationdegreeid;434
82,educationdegreeid;23
83,educationdegreeid;435
84,educationdegreeid;222
85,educationdegreeid;436
86,educationdegreeid;223
87,educationdegreeid;437
88,educationdegreeid;438
89,educationschoolid;439
90,educationschoolid;440
91,educationschoolid;225
92,educationschoolid;441
93,educationschoolid;442
94,educationschoolid;314
95,educationschoolid;443
96,educationschoolid;444
97,educationschoolid;226
98,educationschoolid;227
99,educationschoolid;445
100,educationschoolid;446
101,educationschoolid;447
102,educationschoolid;228
103,educationschoolid;448
104,educationschoolid;229
105,educationschoolid;449
106,educationschoolid;450
107,educationschoolid;451
108,educationschoolid;452
109,educationschoolid;453
110,educationschoolid;230
111,educationschoolid;315
112,educationschoolid;454
113,educationschoolid;455
114,educationschoolid;456
115,educationschoolid;457
116,educationschoolid;232
117,educationschoolid;458
118,educationschoolid;459
119,educationschoolid;460
120,educationschoolid;461
121,educationschoolid;462
122,educationschoolid;463
123,educationschoolid;464
124,educationschoolid;465
125,educationschoolid;466
126,educationschoolid;467
127,educationschoolid;468
128,educationschoolid;469
129,educationschoolid;470
130,educationschoolid;471
131,educationschoolid;472
132,educationschoolid;473
133,educationschoolid;474
134,educationschoolid;233
135,educationschoolid;475
136,educationschoolid;476
137,educationschoolid;234
138,educationschoolid;235
139,educationschoolid;477
140,educationschoolid;478
141,educationschoolid;479
142,educationschoolid;480
143,educationschoolid;481
144,educationschoolid;482
145,educationschoolid;483
146,educationschoolid;236
147,educationschoolid;484
148,educationschoolid;485
149,educationschoolid;486
150,educationschoolid;487
151,educationschoolid;488
152,educationschoolid;489
153,educationschoolid;490
154,educationschoolid;316
155,educationschoolid;237
156,educationschoolid;491
157,educationschoolid;492
158,educationschoolid;493
159,educationschoolid;494
160,educationschoolid;495
161,educationschoolid;496
162,educationschoolid;238
163,educationschoolid;44
164,educationschoolid;497
165,educationschoolid;498
166,educationschoolid;499
167,educationschoolid;500
168,educationschoolid;501
169,educationschoolid;502
170,educationschoolid;240
171,educationschoolid;503
172,educationschoolid;504
173,educationschoolid;505
174,educationschoolid;506
175,educationschoolid;507
176,educationschoolid;508
177,educationschoolid;509
178,educationschoolid;317
179,educationschoolid;510
180,educationschoolid;511
181,educationschoolid;512
182,educationschoolid;243
183,educationschoolid;513
184,educationschoolid;514
185,educationschoolid;245
186,educationschoolid;515
187,educationschoolid;516
188,educationschoolid;517
189,educationschoolid;246
190,educationschoolid;518
191,educationschoolid;247
192,educationschoolid;519
193,educationschoolid;520
194,educationschoolid;521
195,educationschoolid;248
196,educationschoolid;522
197,educationschoolid;523
198,educationschoolid;524
199,educationschoolid;318
200,educationschoolid;249
201,educationschoolid;525
202,educationschoolid;319
203,educationschoolid;526
204,educationschoolid;320
205,educationschoolid;527
206,educationschoolid;528
207,educationschoolid;529
208,educationschoolid;530
209,educationschoolid;531
210,educationschoolid;532
211,educationschoolid;250
212,educationschoolid;533
213,educationschoolid;251
214,educationschoolid;534
215,educationschoolid;535
216,educationschoolid;536
217,educationschoolid;52
218,educationschoolid;537
219,educationschoolid;538
220,educationtype;53
221,educationtype;54
222,educationtype;55
223,educationwithid;539
224,educationwithid;540
225,educationwithid;541
226,educationyearid;542
227,educationyearid;543
228,educationyearid;58
229,educationyearid;59
230,educationyearid;544
231,educationyearid;254
232,educationyearid;255
233,educationyearid;60
234,educationyearid;61
235,educationyearid;62
236,educationyearid;63
237,educationyearid;64
238,educationyearid;65
239,educationyearid;66
240,educationyearid;67
241,educationyearid;68
242,educationyearid;69
243,educationyearid;257
244,educationyearid;70
245,educationyearid;71
246,educationyearid;259
247,educationyearid;72
248,first_name;545
249,first_name;546
250,first_name;547
251,first_name;548
252,first_name;549
253,first_name;550
254,first_name;325
255,first_name;551
256,first_name;110
257,first_name;357
258,first_name;552
259,first_name;553
260,first_name;554
261,first_name;555
262,first_name;556
263,first_name;557
264,gender;77
265,gender;78
266,hometownid;558
267,hometownid;559
268,hometownid;263
269,hometownid;560
270,hometownid;561
271,hometownid;562
272,hometownid;82
273,hometownid;84
274,hometownid;563
275,hometownid;564
276,hometownid;565
277,hometownid;566
278,hometownid;178
279,hometownid;567
280,hometownid;568
281,hometownid;298
282,hometownid;569
283,hometownid;264
284,languagesid;90
285,languagesid;570
286,languagesid;571
287,languagesid;91
288,languagesid;92
289,languagesid;93
290,languagesid;94
291,languagesid;572
292,languagesid;573
293,languagesid;97
294,languagesid;265
295,languagesid;100
296,languagesid;101
297,languagesid;574
298,languagesid;266
299,last_name;575
300,last_name;576
301,last_name;577
302,last_name;106
303,last_name;578
304,last_name;579
305,last_name;267
306,last_name;268
307,last_name;269
308,last_name;580
309,last_name;581
310,last_name;324
311,last_name;582
312,last_name;583
313,last_name;584
314,last_name;585
315,last_name;586
316,last_name;587
317,last_name;588
318,last_name;270
319,last_name;589
320,last_name;590
321,last_name;271
322,last_name;110
323,last_name;591
324,last_name;272
325,last_name;592
326,last_name;273
327,last_name;593
328,last_name;594
329,last_name;595
330,last_name;596
331,last_name;274
332,last_name;597
333,last_name;275
334,last_name;276
335,last_name;598
336,last_name;599
337,last_name;600
338,last_name;601
339,last_name;602
340,last_name;327
341,last_name;603
342,last_name;277
343,last_name;604
344,last_name;605
345,last_name;606
346,last_name;607
347,locale;126
348,locale;127
349,locale;278
350,locationid;128
351,locationid;129
352,locationid;608
353,locationid;609
354,locationid;610
355,locationid;611
356,locationid;612
357,locationid;613
358,locationid;614
359,locationid;281
360,locationid;133
361,locationid;84
362,locationid;176
363,locationid;134
364,locationid;615
365,locationid;283
366,locationid;616
367,locationid;617
368,locationid;618
369,locationid;284
370,locationid;298
371,locationid;619
372,locationid;138
373,locationid;264
374,locationid;620
375,middle_name;621
376,middle_name;622
377,middle_name;355
378,middle_name;623
379,middle_name;624
380,middle_name;554
381,middle_name;625
382,middle_name;626
383,middle_name;627
384,workemployerid;628
385,workemployerid;629
386,workemployerid;630
387,workemployerid;228
388,workemployerid;140
389,workemployerid;451
390,workemployerid;230
391,workemployerid;631
392,workemployerid;632
393,workemployerid;633
394,workemployerid;634
395,workemployerid;635
396,workemployerid;636
397,workemployerid;637
398,workemployerid;638
399,workemployerid;485
400,workemployerid;639
401,workemployerid;640
402,workemployerid;641
403,workemployerid;642
404,workemployerid;643
405,workemployerid;644
406,workemployerid;645
407,workemployerid;145
408,workemployerid;646
409,workemployerid;647
410,workemployerid;648
411,workemployerid;649
412,workemployerid;650
413,workemployerid;518
414,workemployerid;247
415,workemployerid;651
416,workemployerid;248
417,workemployerid;652
418,workemployerid;653
419,workemployerid;654
420,workemployerid;655
421,workemployerid;656
422,workemployerid;657
423,workemployerid;658
424,workemployerid;659
425,workemployerid;660
426,workemployerid;661
427,workemployerid;662
428,workemployerid;150
429,workemployerid;151
430,workemployerid;663
431,workemployerid;664
432,workemployerid;665
433,workemployerid;666
434,workemployerid;667
435,workemployerid;668
436,workemployerid;669
437,workemployerid;536
438,workemployerid;670
439,workemployerid;52
440,workemployerid;671
441,workemployerid;538
442,workend_date;157
443,workend_date;672
444,workend_date;673
445,workend_date;674
446,workend_date;675
447,workend_date;676
448,workend_date;294
449,workend_date;677
450,workend_date;678
451,workend_date;158
452,workend_date;196
453,workend_date;679
454,workend_date;160
455,workend_date;161
456,workend_date;162
457,workend_date;164
458,workend_date;199
459,workend_date;166
460,workend_date;200
461,workend_date;167
462,workend_date;201
463,workend_date;680
464,workend_date;168
465,workend_date;169
466,workend_date;170
467,workend_date;171
468,workend_date;681
469,workend_date;172
470,workfromid;682
471,workfromid;683
472,worklocationid;684
473,worklocationid;128
474,worklocationid;129
475,worklocationid;609
476,worklocationid;296
477,worklocationid;561
478,worklocationid;281
479,worklocationid;133
480,worklocationid;84
481,worklocationid;176
482,worklocationid;134
483,worklocationid;177
484,worklocationid;685
485,worklocationid;178
486,worklocationid;179
487,worklocationid;615
488,worklocationid;283
489,worklocationid;686
490,worklocationid;617
491,worklocationid;618
492,worklocationid;619
493,worklocationid;264
494,workpositionid;687
495,workpositionid;688
496,workpositionid;182
497,workpositionid;689
498,workpositionid;183
499,workpositionid;690
500,workpositionid;691
501,workpositionid;692
502,workpositionid;184
503,workpositionid;693
504,workpositionid;185
505,workpositionid;694
506,workpositionid;189
507,workpositionid;695
508,workpositionid;302
509,workpositionid;696
510,workpositionid;697
511,workpositionid;698
512,workpositionid;699
513,workpositionid;700
514,workpositionid;192
515,workpositionid;193
516,workpositionid;701
517,workprojectsid;702
518,workprojectsid;703
519,workprojectsid;704
520,workprojectsid;705
521,workprojectsid;706
522,workprojectsid;707
523,workprojectsid;708
524,workprojectsid;709
525,workprojectsid;710
526,workprojectsid;711
527,workprojectsid;712
528,workstart_date;157
529,workstart_date;713
530,workstart_date;714
531,workstart_date;334
532,workstart_date;715
533,workstart_date;672
534,workstart_date;716
535,workstart_date;674
536,workstart_date;717
537,workstart_date;194
538,workstart_date;718
539,workstart_date;375
540,workstart_date;719
541,workstart_date;675
542,workstart_date;307
543,workstart_date;308
544,workstart_date;720
545,workstart_date;678
546,workstart_date;721
547,workstart_date;195
548,workstart_date;310
549,workstart_date;722
550,workstart_date;196
551,workstart_date;679
552,workstart_date;197
553,workstart_date;161
554,workstart_date;162
555,workstart_date;723
556,workstart_date;724
557,workstart_date;164
558,workstart_date;199
559,workstart_date;165
560,workstart_date;166
561,workstart_date;200
562,workstart_date;725
563,workstart_date;201
564,workstart_date;332
565,workstart_date;726
566,workstart_date;168
567,workstart_date;202
568,workstart_date;169
569,workstart_date;170
570,workstart_date;171
571,workstart_date;681
572,workstart_date;203
573,workwithid;727
574,workwithid;728
575,workwithid;683
