circle,member
circle0,513
circle0,475
circle0,388
circle0,373
circle0,431
circle0,463
circle0,461
circle0,517
circle0,400
circle0,391
circle0,450
circle0,500
circle0,452
circle0,366
circle0,414
circle0,408
circle0,525
circle0,524
circle0,387
circle0,376
circle1,378
circle1,526
circle1,449
circle1,412
circle1,536
circle1,439
circle1,446
circle1,509
circle1,489
circle1,398
circle1,419
circle1,513
circle1,405
circle1,554
circle1,475
circle1,396
circle1,520
circle1,458
circle1,533
circle1,540
circle1,438
circle1,568
circle1,388
circle1,356
circle1,469
circle1,442
circle1,502
circle1,361
circle1,528
circle1,571
circle1,553
circle1,373
circle1,565
circle1,514
circle1,558
circle1,415
circle1,508
circle1,497
circle1,432
circle1,375
circle1,493
circle1,477
circle1,504
circle1,478
circle1,445
circle1,537
circle1,354
circle1,431
circle1,473
circle1,547
circle1,560
circle1,532
circle1,529
circle1,463
circle1,484
circle1,494
circle1,451
circle1,420
circle1,461
circle1,392
circle1,436
circle1,485
circle1,516
circle1,491
circle1,506
circle1,362
circle1,544
circle1,481
circle1,426
circle1,466
circle1,517
circle1,372
circle1,519
circle1,535
circle1,462
circle1,570
circle1,352
circle1,355
circle1,390
circle1,417
circle1,363
circle1,522
circle1,421
circle1,476
circle1,400
circle1,424
circle1,542
circle1,487
circle1,402
circle1,534
circle1,397
circle1,391
circle1,566
circle1,551
circle1,395
circle1,437
circle1,512
circle1,381
circle1,470
circle1,450
circle1,500
circle1,353
circle1,367
circle1,371
circle1,380
circle1,482
circle1,569
circle1,409
circle1,495
circle1,559
circle1,452
circle1,366
circle1,567
circle1,433
circle1,414
circle1,408
circle1,518
circle1,499
circle1,511
circle1,521
circle1,456
circle1,510
circle1,360
circle1,539
circle1,465
circle1,394
circle1,555
circle1,349
circle1,389
circle1,428
circle1,369
circle1,525
circle1,435
circle1,440
circle1,455
circle1,548
circle1,460
circle1,505
circle1,531
circle1,563
circle1,488
circle1,459
circle1,486
circle1,492
circle1,538
circle1,543
circle1,530
circle1,453
circle1,557
circle1,359
circle1,472
circle1,523
circle1,403
circle1,490
circle1,524
circle1,406
circle1,527
circle1,410
circle1,416
circle1,507
circle1,467
circle1,474
circle1,413
circle1,423
circle1,407
circle1,374
circle1,404
circle1,545
circle1,387
circle1,368
circle1,496
circle1,379
circle1,572
circle1,515
circle1,480
circle1,541
circle1,377
circle1,376
circle1,385
circle1,448
circle1,457
circle1,357
circle1,503
circle1,483
circle1,434
circle1,429
circle1,546
circle1,430
circle1,370
circle1,479
circle1,471
circle1,561
circle1,418
circle1,350
circle1,382
circle1,422
circle1,383
circle1,562
circle1,425
circle1,556
circle1,444
circle2,526
circle2,536
circle2,398
circle2,419
circle2,375
circle2,493
circle2,431
circle2,484
circle2,494
circle2,462
circle2,352
circle2,395
circle2,512
circle2,409
circle2,408
circle2,511
circle2,456
circle2,525
circle2,440
circle2,538
circle2,404
circle2,368
circle2,503
circle2,479
circle2,561
circle3,508
circle3,478
circle3,534
circle3,349
circle3,434
circle4,549
circle4,558
circle4,173
circle4,198
circle4,427
circle4,428
circle4,563
circle4,34
circle4,480
circle5,509
circle5,419
circle5,554
circle5,469
circle5,477
circle5,485
circle5,516
circle5,424
circle5,397
circle5,551
circle5,381
circle5,380
circle5,518
circle5,389
circle5,435
circle5,505
circle5,563
circle5,459
circle5,486
circle5,457
circle5,357
circle6,198
circle6,501
circle6,476
circle6,454
circle6,351
circle6,441
circle6,364
circle6,564
circle6,399
circle6,393
circle6,447
circle6,358
circle7,378
circle7,449
circle7,513
circle7,405
circle7,533
circle7,504
circle7,426
circle7,421
circle7,433
circle7,510
circle7,369
circle7,455
circle7,563
circle7,543
circle7,407
circle7,471
circle7,561
circle7,350
circle8,378
circle8,449
circle8,412
circle8,439
circle8,446
circle8,405
circle8,475
circle8,520
circle8,568
circle8,502
circle8,478
circle8,431
circle8,420
circle8,461
circle8,436
circle8,491
circle8,544
circle8,570
circle8,522
circle8,534
circle8,397
circle8,391
circle8,367
circle8,414
circle8,369
circle8,525
circle8,455
circle8,548
circle8,531
circle8,563
circle8,492
circle8,523
circle8,490
circle8,527
circle8,474
circle8,545
circle8,541
circle8,376
circle8,471
circle8,561
circle8,425
circle9,415
circle9,445
circle9,473
circle9,560
circle9,463
circle9,362
circle9,535
circle9,542
circle9,371
circle9,495
circle9,460
circle9,413
circle9,448
circle10,468
circle10,411
circle10,498
circle10,453
circle11,549
circle11,378
circle11,526
circle11,412
circle11,536
circle11,439
circle11,446
circle11,398
circle11,419
circle11,513
circle11,475
circle11,520
circle11,458
circle11,438
circle11,388
circle11,553
circle11,373
circle11,565
circle11,514
circle11,558
circle11,415
circle11,508
circle11,497
circle11,432
circle11,493
circle11,445
circle11,537
circle11,431
circle11,473
circle11,173
circle11,198
circle11,560
circle11,463
circle11,484
circle11,494
circle11,451
circle11,420
circle11,461
circle11,392
circle11,436
circle11,506
circle11,362
circle11,544
circle11,517
circle11,535
circle11,462
circle11,570
circle11,352
circle11,390
circle11,417
circle11,363
circle11,421
circle11,400
circle11,542
circle11,487
circle11,402
circle11,391
circle11,566
circle11,395
circle11,512
circle11,450
circle11,500
circle11,353
circle11,365
circle11,427
circle11,371
circle11,482
circle11,569
circle11,409
circle11,495
circle11,559
circle11,452
circle11,366
circle11,567
circle11,414
circle11,408
circle11,511
circle11,521
circle11,456
circle11,360
circle11,465
circle11,394
circle11,428
circle11,525
circle11,460
circle11,563
circle11,488
circle11,492
circle11,538
circle11,523
circle11,524
circle11,527
circle11,416
circle11,507
circle11,413
circle11,423
circle11,374
circle11,404
circle11,545
circle11,387
circle11,368
circle11,34
circle11,496
circle11,515
circle11,376
circle11,448
circle11,503
circle11,483
circle11,434
circle11,430
circle11,370
circle11,479
circle11,471
circle11,561
circle11,425
circle11,556
circle11,444
circle12,432
circle12,451
circle12,420
circle12,421
circle12,569
circle12,465
circle12,563
circle12,416
circle12,430
circle13,526
circle13,449
circle13,412
circle13,489
circle13,475
circle13,396
circle13,458
circle13,533
circle13,438
circle13,568
circle13,388
circle13,361
circle13,528
circle13,553
circle13,565
circle13,514
circle13,558
circle13,497
circle13,432
circle13,504
circle13,354
circle13,547
circle13,463
circle13,506
circle13,544
circle13,481
circle13,372
circle13,519
circle13,570
circle13,355
circle13,390
circle13,363
circle13,402
circle13,397
circle13,566
circle13,470
circle13,450
circle13,500
circle13,367
circle13,482
circle13,452
circle13,521
circle13,510
circle13,360
circle13,555
circle13,455
circle13,548
circle13,460
circle13,531
circle13,488
circle13,543
circle13,530
circle13,557
circle13,359
circle13,523
circle13,403
circle13,410
circle13,507
circle13,474
circle13,374
circle13,545
circle13,496
circle13,515
circle13,480
circle13,541
circle13,376
circle13,546
circle13,370
circle13,418
circle13,382
circle13,562
circle13,444
