circle_name,friend_id
circle0,1043
circle0,1045
circle0,1030
circle0,1252
circle0,1254
circle0,1368
circle0,1197
circle0,955
circle0,1111
circle0,1384
circle1,1410
circle1,1144
circle1,950
circle1,1385
circle1,1174
circle1,1087
circle1,563
circle1,1684
circle1,1676
circle1,1555
circle1,1549
circle1,389
circle1,1013
circle1,1251
circle1,1031
circle1,1421
circle2,1469
circle2,1504
circle2,1727
circle2,1183
circle2,1052
circle2,1807
circle2,913
circle2,1263
circle2,1690
circle2,1035
circle2,1531
circle2,1699
circle2,1444
circle2,1738
circle2,1745
circle2,1760
circle2,1429
circle2,987
circle2,1542
circle3,1320
circle3,1616
circle3,1025
circle3,976
circle3,651
circle3,1237
circle3,1223
circle3,566
circle3,1881
circle3,1080
circle3,0
circle3,1142
circle3,517
circle3,1155
circle3,1408
circle3,563
circle3,1692
circle3,1684
circle3,914
circle3,348
circle3,915
circle3,420
circle3,363
circle3,1487
circle3,606
circle3,1766
circle3,1549
circle3,366
circle3,1113
circle3,1679
circle3,1882
circle3,428
circle3,58
circle3,1114
circle3,1574
circle3,1332
circle3,1387
circle3,1767
circle3,1179
circle4,1177
circle4,1896
circle4,1053
circle4,1138
circle4,1057
circle4,1403
circle4,979
circle4,1016
circle4,1664
circle4,1607
circle5,1231
circle5,1060
circle5,1727
circle5,1099
circle5,1227
circle5,1158
circle5,1891
circle5,1635
circle5,1423
circle5,1691
circle5,1120
circle5,1413
circle5,1115
circle5,1215
circle5,1436
circle5,1899
circle5,1143
circle5,1381
circle5,1682
circle5,1257
circle5,1872
circle5,1036
circle5,1018
circle5,1875
circle5,1379
circle5,1418
circle5,1859
circle5,1261
circle5,1636
circle5,1828
circle5,1808
circle5,1448
circle5,1591
circle5,971
circle5,1515
circle5,1848
circle5,1015
circle6,526
circle6,1539
circle6,1579
circle6,1642
circle6,1852
circle6,1317
circle6,1585
circle6,1736
circle6,1554
circle6,1603
circle6,1572
circle6,946
circle6,1553
circle6,1191
circle6,1666
circle6,1547
circle6,1288
circle6,1494
circle6,929
circle6,1722
circle6,990
circle6,1329
circle6,1050
circle6,1048
circle6,1805
circle6,1182
circle6,1799
circle6,983
circle6,1195
circle6,1594
circle6,1144
circle6,1092
circle6,1112
circle6,927
circle6,925
circle6,1600
circle6,1146
circle6,1597
circle6,1584
circle6,1851
circle6,1198
circle6,1435
circle6,1619
circle6,1181
circle6,1184
circle6,1107
circle6,1724
circle6,1845
circle6,950
circle6,1344
circle6,1523
circle6,1054
circle6,1836
circle6,1140
circle6,1593
circle6,1827
circle6,1752
circle6,1522
circle6,1708
circle6,1367
circle6,1377
circle6,1608
circle6,1519
circle6,1116
circle6,1126
circle6,1641
circle6,1842
circle6,1726
circle6,1174
circle6,1026
circle6,1088
circle6,1087
circle6,1219
circle6,952
circle6,1073
circle6,1398
circle6,1735
circle6,980
circle6,1447
circle6,951
circle6,1620
circle6,1823
circle6,1132
circle6,1039
circle6,1272
circle6,1789
circle6,1678
circle6,1613
circle6,1612
circle6,1361
circle6,1411
circle6,1761
circle6,1793
circle6,1669
circle6,1172
circle6,1135
circle6,1886
circle6,1557
circle6,1098
circle6,1819
circle6,1540
circle6,1480
circle6,1750
circle6,967
circle6,1321
circle6,1391
circle6,1034
circle6,1422
circle6,1902
circle6,1049
circle6,1477
circle6,982
circle6,1151
circle6,1161
circle6,1029
circle6,1561
circle6,1271
circle6,1484
circle6,1559
circle6,1178
circle6,1697
circle6,1791
circle6,1683
circle6,1101
circle6,947
circle6,1803
circle6,978
circle6,1517
circle6,1588
circle6,1817
circle6,1293
circle6,1008
circle6,1684
circle6,1509
circle6,1653
circle6,1278
circle6,1710
circle6,961
circle6,1637
circle6,922
circle6,1242
circle6,920
circle6,1753
circle6,1846
circle6,1290
circle6,1058
circle6,1795
circle6,1470
circle6,1076
circle6,934
circle6,1250
circle6,1676
circle6,1617
circle6,1351
circle6,1614
circle6,1883
circle6,1369
circle6,1700
circle6,991
circle6,1719
circle6,1535
circle6,1746
circle6,921
circle6,1352
circle6,1441
circle6,1405
circle6,1376
circle6,1555
circle6,1460
circle6,1123
circle6,1416
circle6,1467
circle6,1644
circle6,1843
circle6,1079
circle6,1006
circle6,1074
circle6,1513
circle6,1792
circle6,1449
circle6,1450
circle6,1085
circle6,1458
circle6,1305
circle6,966
circle6,1128
circle6,1774
circle6,1867
circle6,1757
circle6,1380
circle6,414
circle6,1888
circle6,1730
circle6,1420
circle6,1758
circle6,1145
circle6,1086
circle6,1485
circle6,1149
circle6,1737
circle6,1800
circle6,1675
circle6,1003
circle6,1714
circle6,1056
circle6,916
circle6,996
circle6,1075
circle6,1769
circle6,1589
circle6,1796
circle6,1238
circle6,1431
circle6,1124
circle6,1471
circle6,1330
circle6,1702
circle6,1668
circle6,1721
circle6,906
circle6,1544
circle6,1610
circle6,1390
circle6,1084
circle6,1243
circle6,1865
circle6,1863
circle6,1765
circle6,1521
circle6,1201
circle6,926
circle6,1534
circle6,1701
circle6,1698
circle6,1532
circle6,1402
circle6,1663
circle6,1360
circle6,1809
circle6,1301
circle6,1528
circle6,1211
circle6,1209
circle6,1900
circle6,1365
circle6,1835
circle6,1291
circle6,1652
circle6,1689
circle6,1813
circle6,1838
circle6,1505
circle6,1089
circle6,1165
circle6,1524
circle6,1445
circle6,1283
circle6,1659
circle6,1312
circle6,1214
circle6,1623
circle6,1622
circle6,1327
circle6,1267
circle6,1269
circle6,923
circle6,1580
circle6,1816
circle6,1779
circle6,1251
circle6,1197
circle6,1861
circle6,1558
circle6,1193
circle6,1017
circle6,1375
circle6,1068
circle6,1643
circle6,1055
circle6,1069
circle6,1516
circle6,1877
circle6,1639
circle6,1811
circle6,1491
circle6,1520
circle6,1328
circle6,1551
circle6,1031
circle6,1717
circle6,1028
circle6,1833
circle6,1688
circle6,1421
circle6,1059
circle6,1563
circle6,1626
circle6,1564
circle6,1537
circle6,1723
circle6,1265
circle6,908
circle6,1110
circle6,1339
circle6,1384
circle6,1334
circle6,1621
circle6,1077
circle7,1658
circle7,1001
circle7,968
circle7,1337
circle7,1897
circle7,1439
circle7,1395
circle7,1562
circle7,922
circle7,1821
circle7,1133
circle7,1814
circle7,912
circle7,1442
circle7,1038
circle7,1769
circle7,1618
circle7,1657
circle7,1062
circle7,1818
circle7,1301
circle7,1012
circle7,1885
circle7,899
circle7,1780
circle7,908
circle7,1262
circle8,1097
circle8,938
circle8,1137
circle8,1118
circle8,1319
circle8,1747
circle8,903
circle8,1548
circle8,1424
circle8,1533
circle8,1468
circle8,1733
circle8,1568
circle8,992
circle8,1378
circle8,1232
circle8,1798
circle8,1363
circle8,958
circle8,963
circle8,1784
circle8,910
circle8,1186
circle8,1837
circle8,1371
circle8,1895
circle8,1216
circle8,1601
circle8,1787
circle8,901
circle8,1880
circle8,1629
circle8,1452
circle8,1333
circle8,1314
